KEG_NAME,DISH_NAME,STATUS
КЕГ  Традиционный мид СиВ 20 л,Салливанс Айриш Голд,ПРОВЕРИТЬ
КЕГ 4Brewers Реверс Гозе,Brewlok Трехлинейка,ПРОВЕРИТЬ
КЕГ 4brewers Eher Passion Fruit  30 л,Gletcher Milk of Amnesia,ПРОВЕРИТЬ
КЕГ Atmosphere brew Кислый Движ 20 л,Atmosphere brew Кислый Движ,ПРОВЕРИТЬ
КЕГ Atmosphere brew Острая Томатная Дичь,Atmosphere brew Острая Томатная Дичь,ПРОВЕРИТЬ
КЕГ Atmosphere brew Томатная Дичь 20 л,Atmosphere brew Острая Томатная Дичь,ПРОВЕРИТЬ
КЕГ Black Cat Moscow Calling,Black Cat Moscow Calling,ПРОВЕРИТЬ
КЕГ Black Cat Out of Passion 20 л,Black Cat Out of Passion,ПРОВЕРИТЬ
КЕГ Brewlok 40 Скелетов 20 л,Brewlok Трехлинейка,ПРОВЕРИТЬ
КЕГ Brewlok APA 20 л,Brewlok IPA,ПРОВЕРИТЬ
КЕГ Brewlok DOS 20 л,Brewlok IPA,ПРОВЕРИТЬ
КЕГ Brewlok IPA 20 л,Brewlok IPA,ПРОВЕРИТЬ
КЕГ Brewlok Stout,Brewlok Stout,ПРОВЕРИТЬ
КЕГ Brewlok Баба Яга 20 л,Brewlok Василиса,ПРОВЕРИТЬ
КЕГ Brewlok Василиса 20 л,Brewlok Василиса,ПРОВЕРИТЬ
КЕГ Brewlok Леший 20 л,Brewlok Пилс,ПРОВЕРИТЬ
КЕГ Brewlok Пилс 20 л,Brewlok Пилс,ПРОВЕРИТЬ
КЕГ Brewlok Садко 20 л,Brewlok Пилс,ПРОВЕРИТЬ
КЕГ Brewlok Трехлинейка,Brewlok Трехлинейка,ПРОВЕРИТЬ
КЕГ Brewlok Хармс 20 л,Brewlok Пилс,ПРОВЕРИТЬ
КЕГ Gas brew Saltmelier: Naryan-Mar,Gletcher Milk of Amnesia,ПРОВЕРИТЬ
КЕГ Gletchers Milk of Amnesia 20 л,Gletcher Milk of Amnesia,ПРОВЕРИТЬ
КЕГ Gravity Project Blueberry Jam30 л,Gravity Pr Blueberry Jam,ПРОВЕРИТЬ
КЕГ O`Hara`s IPA,Brewlok IPA,ПРОВЕРИТЬ
КЕГ O`Hara`s Irish Red Nitro,Gletcher Milk of Amnesia,ПРОВЕРИТЬ
КЕГ O`Hara`s Irish Stout,PP Sumlight Geliodor,ПРОВЕРИТЬ
КЕГ O`Hara`s Pale Ale,Brewlok IPA,ПРОВЕРИТЬ
КЕГ Odna Tonna Hyperpink 30л,Saldens Double IPA,ПРОВЕРИТЬ
КЕГ Old Speckled Hen 30 л,Saldens Double IPA,ПРОВЕРИТЬ
КЕГ PP Noggenfogger Elixir,PP Noggenfogger Elixir,ПРОВЕРИТЬ
КЕГ PP Sunlight Geliodor,PP Sumlight Geliodor,ПРОВЕРИТЬ
КЕГ Paradox IPA,Brewlok IPA,ПРОВЕРИТЬ
КЕГ Pilgerstoff Maria Ehrenberger 30 л,Gletcher Milk of Amnesia,ПРОВЕРИТЬ
КЕГ Rage Aganist the Pepin,Gletcher Milk of Amnesia,ПРОВЕРИТЬ
"КЕГ Rebel Apple ""Dickiy Crest"" 30л","Rebel Apple ""Dickiy Crest""",ПРОВЕРИТЬ
КЕГ Rebel Apple Дикий Крест ,Brewlok Трехлинейка,ПРОВЕРИТЬ
КЕГ Red Rocket ESB 30l,Red Rocket ESB,ПРОВЕРИТЬ
КЕГ Rewort  Nutty Nut 20 л,Rewort Nutty Nut,ПРОВЕРИТЬ
КЕГ Rewort Крылья Доблести 20 л,Rewort Крылья Доблести,ПРОВЕРИТЬ
КЕГ Saldens Double IPA 30 л,Saldens Double IPA,ПРОВЕРИТЬ
КЕГ Selfmade Milk Star 20 л,Selfmade Milk Star,ПРОВЕРИТЬ
КЕГ Starlingtons Black Spot,Starlingtons Black Spot,ПРОВЕРИТЬ
КЕГ Starlingtons Day in Paradise,Starlingtons Day in Paradise,ПРОВЕРИТЬ
КЕГ Starlingtons Knock to Heaven 30 л,Gletcher Milk of Amnesia,ПРОВЕРИТЬ
КЕГ Starlingtons Moonlight 30 л,Gletcher Milk of Amnesia,ПРОВЕРИТЬ
КЕГ True Hops IPA20 л,Brewlok IPA,ПРОВЕРИТЬ
КЕГ Velka Morava Big Boy Amarillo 20 л,Velka Morava Big Boy From Idaho,ПРОВЕРИТЬ
КЕГ Velka Morava Big Boy From Idaho,Velka Morava Big Boy From Idaho,ПРОВЕРИТЬ
КЕГ Velka Morava Schrader 30 л,Velka Morava Schrader,ПРОВЕРИТЬ
КЕГ VelkaMorava Morgana 20л,Velka Morava Schrader,ПРОВЕРИТЬ
КЕГ Weissmuller 30 л,Brewlok Stout,ПРОВЕРИТЬ
"КЕГ Weissmuller Original Helles, 30 л",Gletcher Milk of Amnesia,ПРОВЕРИТЬ
КЕГ XP Brew  Тетрахимена 20 л,Brewlok Трехлинейка,ПРОВЕРИТЬ
КЕГ АФ БРЮ Рэднек 30 л,Крик де Лютин,ПРОВЕРИТЬ
КЕГ Абанамат 30л ,Абанамат,ПРОВЕРИТЬ
"КЕГ Августинер Хефевайсбир, светлое","Ригеле Файнес Урхелль (0,5) (б)",ПРОВЕРИТЬ
КЕГ Айингер Браувайс 30 л,Бульви Семи Драй,ПРОВЕРИТЬ
КЕГ Айингер Весеннее 30 л,Стинбрюгге Бланш,ПРОВЕРИТЬ
КЕГ Айингер Лагер Хель 30 л,Ригеле Файнес Урхелль,ПРОВЕРИТЬ
КЕГ Айингер Октобер Фест-Марцен 30 л,Айингер Октобер Фест-Марцен,ПРОВЕРИТЬ
КЕГ Айингер Столетнее 30 л,Стинбрюгге Бланш,ПРОВЕРИТЬ
КЕГ Айингер Целебратор 30 л,Стинбрюгге Бланш,ПРОВЕРИТЬ
КЕГ Айнзидлер Вайсбир 30 л,Бульви Семи Драй,ПРОВЕРИТЬ
КЕГ Айнзидлер Клауснер Пилс 30 л,Ригеле Файнес Урхелль,ПРОВЕРИТЬ
КЕГ Андерсон Валли Хоп Оттин ИПА 30 л,Леруа Капиттель Блонд,ПРОВЕРИТЬ
КЕГ Асахи Супер Драй 30 л,Бульви Семи Драй,ПРОВЕРИТЬ
КЕГ Байройтер хель 30 л,Бульви Семи Драй,ПРОВЕРИТЬ
КЕГ Бакунин Молоко+ 20 л,Нишко Лагер,ПРОВЕРИТЬ
КЕГ Бакунин Нуар 20 л,Бланш де Намур,ПРОВЕРИТЬ
КЕГ Бакунин Первый Авиатор 20 л,Леруа Капиттель Блонд,ПРОВЕРИТЬ
КЕГ Бакунин Рубин 20 л,Бульви Квинси,ПРОВЕРИТЬ
КЕГ Бакунин Рука Бога 20 л,Роденбах Гранд Крю,ПРОВЕРИТЬ
КЕГ Бакунин Фибоначчи 20 л,Коникс Черри Руби,ПРОВЕРИТЬ
КЕГ Балтика Брю Блонд 30 л,Стинбрюгге Бланш,ПРОВЕРИТЬ
КЕГ Балтика Брю Брюн 30 л,Стинбрюгге Бланш,ПРОВЕРИТЬ
"КЕГ Баптист Вит, светлое",Литовел Мораван,ПРОВЕРИТЬ
КЕГ Барбе Руби 30 л,Барбе Руби,ПРОВЕРИТЬ
КЕГ Бахус Флемиш Олд Браун,Коникс Бланш ма Шери,ПРОВЕРИТЬ
КЕГ Бахус Фрамбуа,Бланш де Намур,ПРОВЕРИТЬ
КЕГ Белхевен Скоттиш Стаут 30л,ФестХаус Октобер,ПРОВЕРИТЬ
КЕГ Бельвью Крик 20 л,Бульви Квинси,ПРОВЕРИТЬ
КЕГ Бишофф Пилснер 30 л,ЛеФорт Трипель,ПРОВЕРИТЬ
"КЕГ Бланш де Намур, светлое",Коникс Бланш ма Шери,ПРОВЕРИТЬ
"КЕГ Бланш де неж, светлое",Коникс Бланш ма Шери,ПРОВЕРИТЬ
КЕГ Блек Шип,Блек Шип,ПРОВЕРИТЬ
КЕГ Борнем Блонд 20 л,Борнем Блонд,ПРОВЕРИТЬ
КЕГ Борнем Дюбель 20 л,Борнем Блонд,ПРОВЕРИТЬ
КЕГ Бруклин ИПА 30 л,Нишко Лагер,ПРОВЕРИТЬ
КЕГ Бруклин Лагер 30 л,Нишко Лагер,ПРОВЕРИТЬ
КЕГ Брю Дивижн Ай Рай,Бульви Семи Драй,ПРОВЕРИТЬ
КЕГ Брю Дивижн Айс Крим,Бульви Семи Драй,ПРОВЕРИТЬ
КЕГ Брю Дивижн Астролагер Премиум Пилс,Степь и Ветер Мед и Смородина,ПРОВЕРИТЬ
КЕГ Брю Дивижн Вайсглюк Унзере Хефевайцен,"Ригеле Файнес Урхелль (0,5) (б)",ПРОВЕРИТЬ
КЕГ Брю Дивижн Докер Олд Рашн Портер,Леруа Капиттель Блонд,ПРОВЕРИТЬ
КЕГ Брю Дивижн Майнд Эвер Вин,Салливанс Айриш Голд,ПРОВЕРИТЬ
КЕГ Брю Дивижн Он Бейс 30 л,Бульви Семи Драй,ПРОВЕРИТЬ
КЕГ Брю Дог Зомби Кейк 20 л,Роденбах Гранд Крю,ПРОВЕРИТЬ
КЕГ Брю Дог Инди 30 л,Крик де Лютин,ПРОВЕРИТЬ
КЕГ Брю Фикшн Вайлд Томато Гозе 30 л,Айингер Октобер Фест-Марцен,ПРОВЕРИТЬ
"КЕГ Будвайзер, темное, бочка 20л",Леруа Капиттель Блонд,ПРОВЕРИТЬ
КЕГ Бульви Ар эн Берри 30л,Бульви Семи Драй,ПРОВЕРИТЬ
КЕГ Бульви Брексит 30л,Бульви Семи Драй,ПРОВЕРИТЬ
КЕГ Бульви Грей Ми 30л,Бульви Семи Драй,ПРОВЕРИТЬ
КЕГ Бульви Квинси 30л,Бульви Квинси,ПРОВЕРИТЬ
КЕГ Бульви Семи Драй л,Бульви Семи Драй,ПРОВЕРИТЬ
КЕГ Бун Крик Ламбик 30 л,Бульви Квинси,ПРОВЕРИТЬ
КЕГ Бюльви Вивизеро 30л.,Бульви Семи Драй,ПРОВЕРИТЬ
КЕГ Бюльви Рустик полусладкий 30 л,Бюльви Рустик полусухой,ПРОВЕРИТЬ
КЕГ Бюльви Рустик полусухой 30 л,Бюльви Рустик полусухой,ПРОВЕРИТЬ
КЕГ Вайнштефан Витус 30 л,ФестХаус Вайцен,ПРОВЕРИТЬ
КЕГ Вайнштефан Оригинал 30 л,Салливанс Айриш Голд,ПРОВЕРИТЬ
КЕГ Вайнштефан Пилснер 30 л,Коникс Оверфолл ИПА,ПРОВЕРИТЬ
КЕГ Вайнштефан Хефевайс 30 л,ФестХаус Вайцен,ПРОВЕРИТЬ
КЕГ Вайценфельд Вайсс 20 л,Джаст Хёфевайцен,ПРОВЕРИТЬ
КЕГ Варка Лагер 30л.,Гулден Драк 708,ПРОВЕРИТЬ
КЕГ Варка Пшено 30л.,Нишко Лагер,ПРОВЕРИТЬ
КЕГ Василеостровское Бланш де Лютин ,Коникс Бланш ма Шери,ПРОВЕРИТЬ
КЕГ Василеостровское Крик де Лютин ,Коникс Оверфолл ИПА,ПРОВЕРИТЬ
КЕГ Василеостровское Лагер светлое  ,Коникс Оверфолл ИПА,ПРОВЕРИТЬ
КЕГ Василеостровское Пшеничное  ,Коникс Оверфолл ИПА,ПРОВЕРИТЬ
КЕГ Василеостровское Руж Де Лютин,Коникс Оверфолл ИПА,ПРОВЕРИТЬ
КЕГ Василеостровское Сидр Брют,Бюльви Рустик полусухой,ПРОВЕРИТЬ
КЕГ Василеостровское хеллес,Коникс Оверфолл ИПА,ПРОВЕРИТЬ
КЕГ Васька Нефильтрованное 30 л,Коникс Оверфолл ИПА,ПРОВЕРИТЬ
КЕГ Васька Светлое 30 л,Бульви Семи Драй,ПРОВЕРИТЬ
КЕГ Вату  Витбир 30л,Островица IPA,ПРОВЕРИТЬ
КЕГ Виктори Арт Брю Селебрэйшн Стаут,Айингер Октобер Фест-Марцен,ПРОВЕРИТЬ
КЕГ Виль-брой Хеллес 30 л,Бульви Семи Драй,ПРОВЕРИТЬ
КЕГ Виль-брой Хефе Вайцен 30 л,Бульви Семи Драй,ПРОВЕРИТЬ
КЕГ Вильдерен Кларисс Руж 20 л,Бульви Семи Драй,ПРОВЕРИТЬ
"КЕГ Вильдерен Крик, вишневый ",Штраффе Хендрик Квад,ПРОВЕРИТЬ
КЕГ Винингер Экспорт Гуидобалд30 л,Леруа Капиттель Блонд,ПРОВЕРИТЬ
КЕГ Вита Сид Том 2 30л,Островица IPA,ПРОВЕРИТЬ
КЕГ Вольфас Энгельман Балтик Портер 30 л,Леруа Капиттель Блонд,ПРОВЕРИТЬ
КЕГ Вудбридж Браун Эль 30 л,Бульви Семи Драй,ПРОВЕРИТЬ
КЕГ Вудбридж ИПА 30 л,Бульви Семи Драй,ПРОВЕРИТЬ
КЕГ Вудбридж Стаут 30 л,Бульви Семи Драй,ПРОВЕРИТЬ
КЕГ Гаффель Кельш 30 л,Нишко Лагер,ПРОВЕРИТЬ
КЕГ Гильотина,Нишко Лагер,ПРОВЕРИТЬ
КЕГ Горьковская пивоварня Богемский Пилс 30 л,Коникс Оверфолл ИПА,ПРОВЕРИТЬ
КЕГ Горьковская пивоварня ИПА 30 л,Коникс Оверфолл ИПА,ПРОВЕРИТЬ
КЕГ Гуд Сайдер Сан-Себастьян. Брют,Айингер Октобер Фест-Марцен,ПРОВЕРИТЬ
"КЕГ Гулден Драк 708, 20 л",Гулден Драк 708,ПРОВЕРИТЬ
КЕГ Делириум Кристмас,Бульви Семи Драй,ПРОВЕРИТЬ
КЕГ Делириум Ноктюрнум,Делириум Ноктюрнум,ПРОВЕРИТЬ
КЕГ Делириум Рэд,Крик де Лютин,ПРОВЕРИТЬ
КЕГ Делириум Тременс,Бульви Семи Драй,ПРОВЕРИТЬ
"КЕГ Джоус Американский Пэйл Эль, светлое,  ",Коникс Оверфолл ИПА,ПРОВЕРИТЬ
КЕГ Джоус Атомная Прачечная,Родное яблочко п/сух,ПРОВЕРИТЬ
"КЕГ Джоус Бланш, светлое,  ",Коникс Бланш ма Шери,ПРОВЕРИТЬ
"КЕГ Джоус Вайцен, светлое,  ",Джаст Хёфевайцен,ПРОВЕРИТЬ
"КЕГ Джоус Джаз энд Джус, 20 л",Джоус Мюних Хеллес,ПРОВЕРИТЬ
КЕГ Джоус Ищу Человека,Джоус Мюних Хеллес,ПРОВЕРИТЬ
"КЕГ Джоус Лагер, светлое,  ",Родное яблочко п/сух,ПРОВЕРИТЬ
"КЕГ Джоус Лайт Черри, 20л",Бульви Семи Драй,ПРОВЕРИТЬ
КЕГ Джоус Лост Пампкин,Джоус Мюних Хеллес,ПРОВЕРИТЬ
"КЕГ Джоус Марцен, светлое,  ",Джоус Мюних Хеллес,ПРОВЕРИТЬ
"КЕГ Джоус Мюних Хеллес, светлое,  ",Родное яблочко п/сух,ПРОВЕРИТЬ
КЕГ Джоус Нитро Стаут,Дикий Крест сухой,ПРОВЕРИТЬ
"КЕГ Джоус Овсяный Стаут, темное",Степь и Ветер Мед и Смородина,ПРОВЕРИТЬ
"КЕГ Джоус Пилснер, светлое,  ",Родное яблочко п/сух,ПРОВЕРИТЬ
КЕГ Джоус Рэд Видоу,Дикий Крест сухой,ПРОВЕРИТЬ
КЕГ Джоус Саур Бриз,Бульви Семи Драй,ПРОВЕРИТЬ
"КЕГ Джоус Цитрайзен, светлое,  ",Айингер Октобер Фест-Марцен,ПРОВЕРИТЬ
КЕГ Дрим Тим Вайт Найтс 30 л,Литовел Мораван,ПРОВЕРИТЬ
КЕГ Дрим Тим Локдаун 30 л,Делириум Ноктюрнум,ПРОВЕРИТЬ
КЕГ Дрим Тим Октобер 30 л,Литовел Мораван,ПРОВЕРИТЬ
КЕГ Дрим Тим Персиковый Блонд (Пич Б) 20 л,Леруа Капиттель Блонд,ПРОВЕРИТЬ
КЕГ Дрим Тим Порт Пилснер 30 л,Делириум Ноктюрнум,ПРОВЕРИТЬ
КЕГ Дрим тим Штакеншнейдер 30 л,Штраффе Хендрик Квад,ПРОВЕРИТЬ
КЕГ Дюпон Бирра де Мьель 20 л,Леруа Капиттель Блонд,ПРОВЕРИТЬ
КЕГ Дюпон Монкс Стаут 20 л,Делириум Ноктюрнум,ПРОВЕРИТЬ
КЕГ Дюшес Де Бургунь 30 л,Бульви Семи Драй,ПРОВЕРИТЬ
КЕГ Инсайдер сухой,Дикий Крест сухой,ПРОВЕРИТЬ
КЕГ Карлова Корчма Премиум 30 л,Коникс Бланш ма Шери,ПРОВЕРИТЬ
КЕГ Квак (кега),Нишко Лагер,ПРОВЕРИТЬ
КЕГ Квас Василеостровский 30 л,Коникс Оверфолл ИПА,ПРОВЕРИТЬ
КЕГ Керел Пинк Империал,Коникс Оверфолл ИПА,ПРОВЕРИТЬ
КЕГ Клаштер Лежак 30 л,Нишко Лагер,ПРОВЕРИТЬ
КЕГ Кобленцер Вайс 30 л. ,Коникс Бланш ма Шери,ПРОВЕРИТЬ
КЕГ Кобленцер Пилс 30 л. ,Коникс Бланш ма Шери,ПРОВЕРИТЬ
"КЕГ Кона Биг Вейв Голден Эль,   ",Салливанс Айриш Голд,ПРОВЕРИТЬ
КЕГ Кона Лонгборд,Нишко Лагер,ПРОВЕРИТЬ
"КЕГ Кона Ханалей,   ",Нишко Лагер,ПРОВЕРИТЬ
КЕГ Коникс Бельгийский Дюббель 20 л,Бюльви Рустик полусухой,ПРОВЕРИТЬ
КЕГ Коникс Бланш ма Шери 20 л,Коникс Бланш ма Шери,ПРОВЕРИТЬ
КЕГ Коникс Кассис Руби 20 л,Коникс Черри Руби,ПРОВЕРИТЬ
КЕГ Коникс Мон Шер Кассис 20 л,Коникс Бланш ма Шери,ПРОВЕРИТЬ
КЕГ Коникс Мюнхен Хеллес 30 л,Джоус Мюних Хеллес,ПРОВЕРИТЬ
КЕГ Коникс Не хлебом единым 20 л,Коникс Бланш ма Шери,ПРОВЕРИТЬ
КЕГ Коникс Оверфолл ИПА 20 л,Коникс Оверфолл ИПА,ПРОВЕРИТЬ
КЕГ Коникс Хефевайсбир 20л,Коникс Оверфолл ИПА,ПРОВЕРИТЬ
КЕГ Коникс Черри Руби 20 л,Коникс Черри Руби,ПРОВЕРИТЬ
КЕГ Коникс Чешский Пилс 30 л,Коникс Бланш ма Шери,ПРОВЕРИТЬ
"КЕГ Корсендонк Бланш, 30л",Коникс Бланш ма Шери,ПРОВЕРИТЬ
КЕГ Кот i Сабака 20 л,Монкс Кафе,ПРОВЕРИТЬ
КЕГ Крик Макс 20 л,Монкс Кафе,ПРОВЕРИТЬ
КЕГ Кроненбург 1664 Блан 30 л,Леруа Капиттель Блонд,ПРОВЕРИТЬ
КЕГ Кульмбахер Эдельхерб Премиум Пилс 30 л,Бульви Семи Драй,ПРОВЕРИТЬ
КЕГ Курпфальц Брау Урвайцен 30л,Леруа Капиттель Блонд,ПРОВЕРИТЬ
КЕГ Курпфальц Брау Хеллес 30л,Ригеле Файнес Урхелль,ПРОВЕРИТЬ
КЕГ Ла Бранш сидр яблочный,Салливанс Айриш Голд,ПРОВЕРИТЬ
КЕГ Ла Трапп Дюббель 20 л,Бульви Семи Драй,ПРОВЕРИТЬ
КЕГ Ла Трапп Квадрюпель 20 л,Леруа Капиттель Блонд,ПРОВЕРИТЬ
"КЕГ Лаутербахер Бротцайт, светлое ",Айингер Октобер Фест-Марцен,ПРОВЕРИТЬ
"КЕГ Лаутербахер Хелл, светлое ",Леруа Капиттель Блонд,ПРОВЕРИТЬ
"КЕГ ЛеФорт Квадрюпель, л",Леруа Капиттель Блонд,ПРОВЕРИТЬ
"КЕГ ЛеФорт Трипель, 20л",ЛеФорт Трипель,ПРОВЕРИТЬ
КЕГ Лейкейм Хеллес 30 л,Бульви Семи Драй,ПРОВЕРИТЬ
КЕГ Леруа Ипперман 30 л,Бланш де Намур,ПРОВЕРИТЬ
КЕГ Леруа Капиттель Блонд 30 л,Леруа Капиттель Блонд,ПРОВЕРИТЬ
КЕГ Леруа Капиттель Патер 30 л,Леруа Капиттель Блонд,ПРОВЕРИТЬ
КЕГ Леруа Сас Пилс 30 л,Бульви Семи Драй,ПРОВЕРИТЬ
КЕГ Леруа Хоммельбир 30 л,Бульви Семи Драй,ПРОВЕРИТЬ
КЕГ Леруа Хоммельбир Драй Хоппдт 30 л,Леруа Капиттель Блонд,ПРОВЕРИТЬ
КЕГ Леффе Блонд 30 л ,Борнем Блонд,ПРОВЕРИТЬ
КЕГ Лимбургс Витте 20л,Бульви Семи Драй,ПРОВЕРИТЬ
КЕГ Литовел Маэстро 30 л,Литовел Мораван,ПРОВЕРИТЬ
КЕГ Литовел Мораван 30 л,Литовел Мораван,ПРОВЕРИТЬ
КЕГ Литовел Премиум 30 л,Литовел Мораван,ПРОВЕРИТЬ
КЕГ Локал Вайцен 30 л,Нишко Лагер,ПРОВЕРИТЬ
КЕГ Локал Лагер (Рыжее) 30 л,Локал Лагер (Рыжее),ПРОВЕРИТЬ
КЕГ Локал Лагер 30 л,Нишко Лагер,ПРОВЕРИТЬ
КЕГ Марстонс Ойстер Стаут 30 л,ФестХаус Октобер,ПРОВЕРИТЬ
КЕГ Миккелер Ю Эс Элайв 30 л,Бульви Семи Драй,ПРОВЕРИТЬ
КЕГ Монкс Кафе 20 л,Монкс Кафе,ПРОВЕРИТЬ
"КЕГ Морт Субит Экстрим ПН, вишневое ",Степь и Ветер Мед и Смородина,ПРОВЕРИТЬ
КЕГ Мост Брюверс Вайсс Брюкке,Бюльви Рустик полусухой,ПРОВЕРИТЬ
КЕГ Мост Брюверс Лагер,Стинбрюгге Бланш,ПРОВЕРИТЬ
КЕГ Новопак кумбурак 30 л,ФестХаус Октобер,ПРОВЕРИТЬ
КЕГ Ногне Ту Кэпитанс 20 л,Стинбрюгге Бланш,ПРОВЕРИТЬ
КЕГ Одна Тонна Рыжая Соня 30 л,Салливанс Айриш Голд,ПРОВЕРИТЬ
КЕГ Он Зе Бонс Строуберрилипс 30 л,Коникс Бланш ма Шери,ПРОВЕРИТЬ
КЕГ Ортодокс Вайцен 20л.,Салливанс Айриш Голд,ПРОВЕРИТЬ
КЕГ Островица IPA 20 л,Островица IPA,ПРОВЕРИТЬ
КЕГ Островица АPA 20 л,Островица IPA,ПРОВЕРИТЬ
КЕГ Островица Б-дэй Лагер,Салливанс Айриш Голд,ПРОВЕРИТЬ
КЕГ Островица Стриппер 20 л,Коникс Оверфолл ИПА,ПРОВЕРИТЬ
КЕГ Островица Холи ДИПА 20 л,Коникс Оверфолл ИПА,ПРОВЕРИТЬ
КЕГ ПП White Night Pale ale 20 л,Gletcher Milk of Amnesia,ПРОВЕРИТЬ
КЕГ ПП Джаст Хёфевайцен 20 л,Джаст Хёфевайцен,ПРОВЕРИТЬ
КЕГ Палм 20 л,Палм,ПРОВЕРИТЬ
КЕГ Парадокс Сип Сейшн 20 л,Коникс Оверфолл ИПА,ПРОВЕРИТЬ
КЕГ Пардубицкий Портер 20 л,Леруа Капиттель Блонд,ПРОВЕРИТЬ
КЕГ Пауланер Мюнхнер Хель 24 л,Пауланер Мюнхен Хель,ПРОВЕРИТЬ
КЕГ Перони Настро Аззуро 30 л,Леруа Капиттель Блонд,ПРОВЕРИТЬ
КЕГ Пеш Мель Буш 20 л,Блек Шип,ПРОВЕРИТЬ
КЕГ Пикси полусладкий 30 л,Коникс Оверфолл ИПА,ПРОВЕРИТЬ
КЕГ Питон Сидр Домашний 30л,Салливанс Айриш Голд,ПРОВЕРИТЬ
КЕГ План Б Ковбой Мальборо 20 л,План Б Ковбой Мальборо,ПРОВЕРИТЬ
КЕГ План Б Мисти Стандарт 20,Стинбрюгге Бланш,ПРОВЕРИТЬ
КЕГ План Б Райс оф Зомби 20 л,Коникс Бланш ма Шери,ПРОВЕРИТЬ
КЕГ План Б Тропикал Пэйнкиллер 20,Леруа Капиттель Блонд,ПРОВЕРИТЬ
КЕГ Полночный Проект Джаст АИПА 20 л,Леруа Капиттель Блонд,ПРОВЕРИТЬ
КЕГ Полночный Проект Жигуликеллер 20 л,Леруа Капиттель Блонд,ПРОВЕРИТЬ
КЕГ Полночный проект Страна Курляндия 20 л,Леруа Капиттель Блонд,ПРОВЕРИТЬ
КЕГ Радебергер Пилснер  30 л,Стинбрюгге Бланш,ПРОВЕРИТЬ
КЕГ Рей Ривер STOUT,Рей Ривер Stout,ПРОВЕРИТЬ
КЕГ Ригеле Альте Вайс,Бульви Семи Драй,ПРОВЕРИТЬ
"КЕГ Ригеле Келлербир, светлое ",Rewort Крылья Доблести,ПРОВЕРИТЬ
"КЕГ Ригеле Коммерциенрат Приват, светлое ",Литовел Мораван,ПРОВЕРИТЬ
"КЕГ Ригеле Файнес Урхелль, светлое ","Ригеле Файнес Урхелль (0,5) (б)",ПРОВЕРИТЬ
КЕГ Ригеле Фестбир,Стинбрюгге Бланш,ПРОВЕРИТЬ
"КЕГ Ригеле Херен Пилс, светлое ",Коникс Оверфолл ИПА,ПРОВЕРИТЬ
"КЕГ Ригеле Хефевайсбир, светлое","Ригеле Файнес Урхелль (0,5) (б)",ПРОВЕРИТЬ
КЕГ Ригеле Эхтес Дункель,Ригеле Файнес Урхелль,ПРОВЕРИТЬ
КЕГ Роденбах Гранд Крю 20 л,Роденбах Гранд Крю,ПРОВЕРИТЬ
КЕГ Родное яблочко п/сух ,Родное яблочко п/сух,ПРОВЕРИТЬ
"КЕГ РэдХук Лонг Хаммер ИПА,  ",Пауланер Мюнхен Хель,ПРОВЕРИТЬ
КЕГ С Питерс Крим Стаут 30 л,Дикий Крест сухой,ПРОВЕРИТЬ
КЕГ С Питерс Лагер 30 л,Стинбрюгге Бланш,ПРОВЕРИТЬ
КЕГ С Питерс Пэйл Эль 30 л,ЛеФорт Трипель,ПРОВЕРИТЬ
КЕГ Салливанс Айриш Голд Эль,Салливанс Айриш Голд,ПРОВЕРИТЬ
КЕГ Салливанс Пэйл Эль,Бульви Семи Драй,ПРОВЕРИТЬ
КЕГ Салтаир Биттер ,Стинбрюгге Бланш,ПРОВЕРИТЬ
КЕГ Салтаир Нью Ворлд 30 л,Литовел Мораван,ПРОВЕРИТЬ
КЕГ Сан Луи Крик 20 л,Нишко Лагер,ПРОВЕРИТЬ
"КЕГ Свинкелс Лагер, 20 л",Стинбрюгге Бланш,ПРОВЕРИТЬ
КЕГ Святой домкрат 20л ,Островица IPA,ПРОВЕРИТЬ
КЕГ Сейнт Остилл Биг Джоб,Стинбрюгге Бланш,ПРОВЕРИТЬ
КЕГ Сейнт Остилл Корев,Коникс Оверфолл ИПА,ПРОВЕРИТЬ
КЕГ Сейнт Остилл Пропер Джоб,Леруа Капиттель Блонд,ПРОВЕРИТЬ
КЕГ Сейнт Остилл Пропер Крекер,Коникс Оверфолл ИПА,ПРОВЕРИТЬ
КЕГ Сейнт Остилл Трибьют,Стинбрюгге Бланш,ПРОВЕРИТЬ
КЕГ Сейнт Пи Оптимистик Сити Лагер,Айингер Октобер Фест-Марцен,ПРОВЕРИТЬ
КЕГ Сен Фёйен Бельджиан Кост ИПА,Айингер Октобер Фест-Марцен,ПРОВЕРИТЬ
КЕГ Сен Фёйен Блонд 20 л,Борнем Блонд,ПРОВЕРИТЬ
КЕГ Сен Фёйен Гризетт Бланш,Стинбрюгге Бланш,ПРОВЕРИТЬ
КЕГ Сен Фёйен Гризетт Фру Де Буа,Айингер Октобер Фест-Марцен,ПРОВЕРИТЬ
КЕГ Сен Фёйен Квадрюпель 20 л,Коникс Оверфолл ИПА,ПРОВЕРИТЬ
КЕГ Сен Фёйен Кюве дэ Ноэль,Коникс Оверфолл ИПА,ПРОВЕРИТЬ
КЕГ Сен Фёйен Лагер 20л,Нишко Лагер,ПРОВЕРИТЬ
КЕГ Сен Фёйен Сезон 30 л,Монкс Кафе,ПРОВЕРИТЬ
КЕГ Сен Фёйен Спешл Бельж,Ригеле Файнес Урхелль,ПРОВЕРИТЬ
КЕГ Сен Фёйен Трипл 20 л,ЛеФорт Трипель,ПРОВЕРИТЬ
КЕГ Сен Фёйен Файв 30 л,Джаст Хёфевайцен,ПРОВЕРИТЬ
КЕГ Сент Антон полусухой 30л,Родное яблочко п/сух,ПРОВЕРИТЬ
"КЕГ Сидр Лось и Кедр v 2.0 яблочный особый, полусухой",Родное яблочко п/сух,ПРОВЕРИТЬ
"КЕГ Сидр Лось и Кедр v 3.0 яблочный особый, полусухой",Родное яблочко п/сух,ПРОВЕРИТЬ
"КЕГ Сидр Лось и Кедр v 4.0 яблочный, полусухой",Родное яблочко п/сух,ПРОВЕРИТЬ
"КЕГ Сидр Лось и Кедр v 9.0 яблочный, полусухой",Родное яблочко п/сух,ПРОВЕРИТЬ
КЕГ Силли Кюве Эрмитаж,Литовел Мораван,ПРОВЕРИТЬ
КЕГ Синт Гуммарус Дюбель 30 л,Бульви Семи Драй,ПРОВЕРИТЬ
КЕГ Синт Гуммарус Трипель 30 л,Ригеле Файнес Урхелль,ПРОВЕРИТЬ
КЕГ Ст. Остелл Ликвид Саншайн,Салливанс Айриш Голд,ПРОВЕРИТЬ
КЕГ Ст. Остелл Мена Ду,Джоус Мюних Хеллес,ПРОВЕРИТЬ
КЕГ Ст. Остелл Руби Джек,Делириум Ноктюрнум,ПРОВЕРИТЬ
КЕГ Ст. Остелл Смагглерс,Стинбрюгге Бланш,ПРОВЕРИТЬ
КЕГ Стародубице Дванактка 30 л,Леруа Капиттель Блонд,ПРОВЕРИТЬ
КЕГ Стародубице Еденактка 30 л,Леруа Капиттель Блонд,ПРОВЕРИТЬ
КЕГ Степь и Ветер Амброзия 20л,Леруа Капиттель Блонд,ПРОВЕРИТЬ
КЕГ Степь и Ветер Вишня 20л,Литовел Мораван,ПРОВЕРИТЬ
КЕГ Степь и Ветер Мёд и Виноград 20л,Степь и Ветер Мед и Смородина,ПРОВЕРИТЬ
КЕГ Степь и Ветер Мёд и Смородина 20л,Степь и Ветер Мед и Смородина,ПРОВЕРИТЬ
КЕГ Стинбрюгге Бланш 20 л,Стинбрюгге Бланш,ПРОВЕРИТЬ
КЕГ Стинбрюгге Блонд 20 л,Стинбрюгге Бланш,ПРОВЕРИТЬ
КЕГ Стинбрюгге Браун 20 л,Стинбрюгге Бланш,ПРОВЕРИТЬ
КЕГ Тер Долен Крик,Крик де Лютин,ПРОВЕРИТЬ
КЕГ Тикстон Бариста Стаут 30 л,ФестХаус Октобер,ПРОВЕРИТЬ
КЕГ Тикстон Лайтфут 30 л,ФестХаус Вайцен,ПРОВЕРИТЬ
КЕГ Тикстон Олд Пикулер 30 л,Делириум Ноктюрнум,ПРОВЕРИТЬ
КЕГ Тилькан Кетш Драфт Вёршн 20 л,Штраффе Хендрик Квад,ПРОВЕРИТЬ
КЕГ Трипель Кармелит,ЛеФорт Трипель,ПРОВЕРИТЬ
"КЕГ Трипортер Фул Мун, л",Делириум Ноктюрнум,ПРОВЕРИТЬ
КЕГ Трубадур Магма 30л,Бланш де Намур,ПРОВЕРИТЬ
"КЕГ Фаундерс Центенниал ИПА 29,3 л",Леруа Капиттель Блонд,ПРОВЕРИТЬ
КЕГ Фердинант лагер (10) 30 л,Стинбрюгге Бланш,ПРОВЕРИТЬ
КЕГ Фердинант лагер (12) 30 л,Стинбрюгге Бланш,ПРОВЕРИТЬ
КЕГ Фест Амбер Эль (кега),Локал Лагер (М),ПРОВЕРИТЬ
КЕГ ФестХаус Вайцен,ФестХаус Вайцен,ПРОВЕРИТЬ
КЕГ ФестХаус Октобер,ФестХаус Октобер,ПРОВЕРИТЬ
КЕГ ФестХаус Хеллес,ФестХаус Хеллес,ПРОВЕРИТЬ
КЕГ Францискайнер Вайсбир,Ригеле Файнес Урхелль,ПРОВЕРИТЬ
КЕГ Фуллерс ЕСБ 30 л,Бульви Семи Драй,ПРОВЕРИТЬ
КЕГ Фуллерс Лондон Блэк Кэб 30 л,Родное яблочко п/сух,ПРОВЕРИТЬ
КЕГ Фуллерс Лондон Портер 30 л,Родное яблочко п/сух,ПРОВЕРИТЬ
КЕГ Фуллерс Лондон Прайд 30 л,Родное яблочко п/сух,ПРОВЕРИТЬ
КЕГ Фёст Локал Лагер   ,Нишко Лагер,ПРОВЕРИТЬ
КЕГ Фёст брю прототип аутмил стаут,Бюльви Рустик полусухой,ПРОВЕРИТЬ
КЕГ Фёст брю прототип портер,Бюльви Рустик полусухой,ПРОВЕРИТЬ
"КЕГ ХБ Дункель, светлое ",Родное яблочко п/сух,ПРОВЕРИТЬ
"КЕГ ХБ Мюнхенер Вайссе, светлое ",ФестХаус Вайцен,ПРОВЕРИТЬ
"КЕГ ХБ Октоберфест, светлое ",ФестХаус Октобер,ПРОВЕРИТЬ
КЕГ ХБ Траунштайн Хеллес,Brewlok Трехлинейка,ПРОВЕРИТЬ
КЕГ Хук Нортон Дабл Стаут Стаут 30 л,Леруа Капиттель Блонд,ПРОВЕРИТЬ
"КЕГ Чешский лев, светлое ",Коникс Оверфолл ИПА,ПРОВЕРИТЬ
КЕГ Шнайдер ТАР1 20 л,Бланш де Намур,ПРОВЕРИТЬ
КЕГ Шнайдер ТАР4 20 л,Бланш де Намур,ПРОВЕРИТЬ
КЕГ Шнайдер ТАР5 20 л,Бланш де Намур,ПРОВЕРИТЬ
КЕГ Шнайдер ТАР6 20 л,Бланш де Намур,ПРОВЕРИТЬ
КЕГ Шнайдер ТАР7 20 л,Бланш де Намур,ПРОВЕРИТЬ
КЕГ Шредер Велка Морава  30 л,Литовел Мораван,ПРОВЕРИТЬ
КЕГ Штамм Брюинг Бестие 30 л,Стинбрюгге Бланш,ПРОВЕРИТЬ
КЕГ Штамм Брюинг Невермонт 30 л,Литовел Мораван,ПРОВЕРИТЬ
КЕГ Штигль Голдброй 25 л,Нишко Лагер,ПРОВЕРИТЬ
КЕГ Штраффе Хендрик 30л,ФестХаус Октобер,ПРОВЕРИТЬ
КЕГ Эйбау Хефевайссбир  30 л,Бульви Семи Драй,ПРОВЕРИТЬ
КЕГ Янгс Лондон Стаут 30 л,Стинбрюгге Бланш,ПРОВЕРИТЬ
Кеги - Аббатское и похожее,Леруа Капиттель Блонд,ПРОВЕРИТЬ
ОЛИВКИ АССОРТИ С ТРАВАМИ (5 кг КЕГ),Айингер Октобер Фест-Марцен,ПРОВЕРИТЬ
Пиво светлое пастеризованное «КОНИКС МЮНИХ ХЕЛЛЕС» кеги 30,Коникс Оверфолл ИПА,ПРОВЕРИТЬ
КЕГ DaDa сидр #1 сухой 30л,,ЗАПОЛНИТЬ
КЕГ DaDa сидр #2 полусухой 30л,,ЗАПОЛНИТЬ
КЕГ Gusi Clear Sky 20л,,ЗАПОЛНИТЬ
КЕГ Mahatma G. NEIPA,,ЗАПОЛНИТЬ
КЕГ St.Anton смородина 30л,,ЗАПОЛНИТЬ
КЕГ Wookey Hole Рэд Эль 30 л,,ЗАПОЛНИТЬ
КЕГ Авербод 30 л,,ЗАПОЛНИТЬ
КЕГ Бакунин Пич Ап 20 л,,ЗАПОЛНИТЬ
КЕГ Бульви Розе 30л,,ЗАПОЛНИТЬ
"КЕГ ВО Val de Rance, Brut 30 л",,ЗАПОЛНИТЬ
КЕГ Василиса,,ЗАПОЛНИТЬ
КЕГ Гиннесс 30 л,,ЗАПОЛНИТЬ
"КЕГ Джоус Грезы, светлое,  ",,ЗАПОЛНИТЬ
КЕГ Дрим Тим Флэгшип 30 л,,ЗАПОЛНИТЬ
КЕГ Зубр 30 л,,ЗАПОЛНИТЬ
КЕГ Кастил Руж,,ЗАПОЛНИТЬ
КЕГ Ла Шуф 20 л,,ЗАПОЛНИТЬ
КЕГ Леффе Брюн 30 л ,,ЗАПОЛНИТЬ
КЕГ ЛиК v7 30 л,,ЗАПОЛНИТЬ
КЕГ Локи 20 л,,ЗАПОЛНИТЬ
КЕГ Мост Пон Руж 20 л,,ЗАПОЛНИТЬ
КЕГ Мохнатый Йожъ 30 л,,ЗАПОЛНИТЬ
КЕГ Нектар 30 л,,ЗАПОЛНИТЬ
КЕГ Нишко 30 л,,ЗАПОЛНИТЬ
КЕГ Ногне О #500 20 л,,ЗАПОЛНИТЬ
КЕГ Палм Роял 20 л,,ЗАПОЛНИТЬ
КЕГ Петрус Ред 30 л,,ЗАПОЛНИТЬ
КЕГ План B R2-D2H 20 л,,ЗАПОЛНИТЬ
КЕГ Полночный проект Katana 20 л,,ЗАПОЛНИТЬ
КЕГ Роденбах 20 л,,ЗАПОЛНИТЬ
КЕГ С Питерс ИПА 30 л,,ЗАПОЛНИТЬ
КЕГ Сан Луи Гёз 20 л,,ЗАПОЛНИТЬ
КЕГ Сен Фёйен Брюн 20 л,,ЗАПОЛНИТЬ
КЕГ Силли Руж 20 л,,ЗАПОЛНИТЬ
КЕГ Фуллерс ИПА 30 л,,ЗАПОЛНИТЬ
КЕГ Шимэ Рэд 20 л,,ЗАПОЛНИТЬ
Кег Чехов,,ЗАПОЛНИТЬ
"Пиво ""Пауэль Квак"" (""Pauwel Kwak"") светл., фильтр., паст., кега ",,ЗАПОЛНИТЬ
"Пиво Huyghe ""Delirium Red"" темное, (кега разовая)",,ЗАПОЛНИТЬ
